{
	"variables": [],
	"info": {
		"name": "Hello World",
		"_postman_id": "f1eb05ed-b1e6-5ec2-b490-cfb8a5176c22",
		"description": "",
		"schema": "https://schema.getpostman.com/json/collection/v2.0.0/collection.json"
	},
	"item": [
		{
			"name": "Hello World API",
			"event": [
				{
					"listen": "test",
					"script": {
						"type": "text/javascript",
						"exec": [
							"tests[\"Status code is 200\"] = responseCode.code === 200;",
							"tests[\"Body is correct\"] = responseBody === \"Hello World\";"
						]
					}
				}
			],
			"request": {
				"url": "{{url}}/api/helloworld",
				"method": "GET",
				"header": [],
				"body": {},
				"description": ""
			},
			"response": []
		},
		{
			"name": "MetaData API",
			"event": [
				{
					"listen": "test",
					"script": {
						"type": "text/javascript",
						"exec": [
							"tests[\"Body matches string\"] = responseBody.has(\"Version\");",
							"tests[\"Body matches string\"] = responseBody.has(\"Application Description\");",
							"tests[\"Body matches string\"] = responseBody.has(\"lastcommitsha\");",
							"tests[\"Status code is 200\"] = responseCode.code === 200;"
						]
					}
				}
			],
			"request": {
				"url": "{{url}}/api/Metadata",
				"method": "GET",
				"header": [],
				"body": {},
				"description": ""
			},
			"response": []
		},
		{
			"name": "Health Check API",
			"event": [
				{
					"listen": "test",
					"script": {
						"type": "text/javascript",
						"exec": [
							"tests[\"Status code is 200\"] = responseCode.code === 200;"
						]
					}
				}
			],
			"request": {
				"url": "{{url}}/healthchecks-api",
				"method": "GET",
				"header": [],
				"body": {},
				"description": ""
			},
			"response": []
		}
	]
}